{
    "2": {
        "32": [
            {
                "seed": 1,
                "pattern": [
                    "X1_49",
                    "X4_5",
                    "X4_48",
                    "X9_10",
                    "X9_18",
                    "X9_21",
                    "X10_13",
                    "X10_48",
                    "X11_15",
                    "X11_20",
                    "X13_34",
                    "X14_28",
                    "X16_38",
                    "X16_18",
                    "X10_20",
                    "X12_21",
                    "X5_22",
                    "X22_25",
                    "X22_50",
                    "X29_37",
                    "X12_30",
                    "X30_32",
                    "X5_31",
                    "X1_34",
                    "X36_42",
                    "X31_37",
                    "X29_41",
                    "X41_42",
                    "X42_44",
                    "X2_48",
                    "X14_50",
                    "X39_50"
                ]
            },
            {
                "seed": 2,
                "pattern": [
                    "X1_49",
                    "X4_5",
                    "X4_48",
                    "X9_10",
                    "X9_18",
                    "X9_21",
                    "X10_13",
                    "X10_48",
                    "X11_15",
                    "X11_20",
                    "X13_34",
                    "X14_28",
                    "X16_38",
                    "X16_18",
                    "X10_20",
                    "X12_21",
                    "X5_22",
                    "X22_25",
                    "X22_50",
                    "X29_37",
                    "X12_30",
                    "X30_32",
                    "X5_31",
                    "X1_34",
                    "X36_42",
                    "X31_37",
                    "X29_41",
                    "X41_42",
                    "X42_44",
                    "X2_48",
                    "X14_50",
                    "X39_50"
                ]
            },
            {
                "seed": 3,
                "pattern": [
                    "X1_49",
                    "X4_5",
                    "X4_48",
                    "X9_10",
                    "X9_18",
                    "X9_21",
                    "X10_13",
                    "X10_48",
                    "X11_15",
                    "X11_20",
                    "X13_34",
                    "X14_28",
                    "X16_38",
                    "X16_18",
                    "X10_20",
                    "X12_21",
                    "X5_22",
                    "X22_25",
                    "X22_50",
                    "X29_37",
                    "X12_30",
                    "X30_32",
                    "X5_31",
                    "X1_34",
                    "X36_42",
                    "X31_37",
                    "X29_41",
                    "X41_42",
                    "X42_44",
                    "X2_48",
                    "X14_50",
                    "X39_50"
                ]
            },
            {
                "seed": 4,
                "pattern": [
                    "X1_49",
                    "X4_5",
                    "X4_48",
                    "X9_10",
                    "X9_18",
                    "X9_21",
                    "X10_13",
                    "X10_48",
                    "X11_15",
                    "X11_20",
                    "X13_34",
                    "X14_28",
                    "X16_38",
                    "X16_18",
                    "X10_20",
                    "X12_21",
                    "X5_22",
                    "X22_25",
                    "X22_50",
                    "X29_37",
                    "X12_30",
                    "X30_32",
                    "X5_31",
                    "X1_34",
                    "X36_42",
                    "X31_37",
                    "X29_41",
                    "X41_42",
                    "X42_44",
                    "X2_48",
                    "X14_50",
                    "X39_50"
                ]
            },
            {
                "seed": 5,
                "pattern": [
                    "X1_49",
                    "X4_5",
                    "X4_48",
                    "X9_10",
                    "X9_18",
                    "X9_21",
                    "X10_13",
                    "X10_48",
                    "X11_15",
                    "X11_20",
                    "X13_34",
                    "X14_28",
                    "X16_38",
                    "X16_18",
                    "X10_20",
                    "X12_21",
                    "X5_22",
                    "X22_25",
                    "X22_50",
                    "X29_37",
                    "X12_30",
                    "X30_32",
                    "X5_31",
                    "X1_34",
                    "X36_42",
                    "X31_37",
                    "X29_41",
                    "X41_42",
                    "X42_44",
                    "X2_48",
                    "X14_50",
                    "X39_50"
                ]
            },
            {
                "seed": 6,
                "pattern": [
                    "X1_49",
                    "X4_5",
                    "X4_48",
                    "X9_10",
                    "X9_18",
                    "X9_21",
                    "X10_13",
                    "X10_48",
                    "X11_15",
                    "X11_20",
                    "X13_34",
                    "X14_28",
                    "X16_38",
                    "X16_18",
                    "X10_20",
                    "X12_21",
                    "X5_22",
                    "X22_25",
                    "X22_50",
                    "X29_37",
                    "X12_30",
                    "X30_32",
                    "X5_31",
                    "X1_34",
                    "X36_42",
                    "X31_37",
                    "X29_41",
                    "X41_42",
                    "X42_44",
                    "X2_48",
                    "X14_50",
                    "X39_50"
                ]
            },
            {
                "seed": 7,
                "pattern": [
                    "X1_49",
                    "X4_5",
                    "X4_48",
                    "X9_10",
                    "X9_18",
                    "X9_21",
                    "X10_13",
                    "X10_48",
                    "X11_15",
                    "X11_20",
                    "X13_34",
                    "X14_28",
                    "X16_38",
                    "X16_18",
                    "X10_20",
                    "X12_21",
                    "X5_22",
                    "X22_25",
                    "X22_50",
                    "X29_37",
                    "X12_30",
                    "X30_32",
                    "X5_31",
                    "X1_34",
                    "X36_42",
                    "X31_37",
                    "X29_41",
                    "X41_42",
                    "X42_44",
                    "X2_48",
                    "X14_50",
                    "X39_50"
                ]
            },
            {
                "seed": 8,
                "pattern": [
                    "X1_49",
                    "X4_5",
                    "X4_48",
                    "X9_10",
                    "X9_18",
                    "X9_21",
                    "X10_13",
                    "X10_48",
                    "X11_15",
                    "X11_20",
                    "X13_34",
                    "X14_28",
                    "X16_38",
                    "X16_18",
                    "X10_20",
                    "X12_21",
                    "X5_22",
                    "X22_25",
                    "X22_50",
                    "X29_37",
                    "X12_30",
                    "X30_32",
                    "X5_31",
                    "X1_34",
                    "X36_42",
                    "X31_37",
                    "X29_41",
                    "X41_42",
                    "X42_44",
                    "X2_48",
                    "X14_50",
                    "X39_50"
                ]
            },
            {
                "seed": 9,
                "pattern": [
                    "X1_49",
                    "X4_5",
                    "X4_48",
                    "X9_10",
                    "X9_18",
                    "X9_21",
                    "X10_13",
                    "X10_48",
                    "X11_15",
                    "X11_20",
                    "X13_34",
                    "X14_28",
                    "X16_38",
                    "X16_18",
                    "X10_20",
                    "X12_21",
                    "X5_22",
                    "X22_25",
                    "X22_50",
                    "X29_37",
                    "X12_30",
                    "X30_32",
                    "X5_31",
                    "X1_34",
                    "X36_42",
                    "X31_37",
                    "X29_41",
                    "X41_42",
                    "X42_44",
                    "X2_48",
                    "X14_50",
                    "X39_50"
                ]
            },
            {
                "seed": 10,
                "pattern": [
                    "X1_49",
                    "X4_5",
                    "X4_48",
                    "X9_10",
                    "X9_18",
                    "X9_21",
                    "X10_13",
                    "X10_48",
                    "X11_15",
                    "X11_20",
                    "X13_34",
                    "X14_28",
                    "X16_38",
                    "X16_18",
                    "X10_20",
                    "X12_21",
                    "X5_22",
                    "X22_25",
                    "X22_50",
                    "X29_37",
                    "X12_30",
                    "X30_32",
                    "X5_31",
                    "X1_34",
                    "X36_42",
                    "X31_37",
                    "X29_41",
                    "X41_42",
                    "X42_44",
                    "X2_48",
                    "X14_50",
                    "X39_50"
                ]
            }
        ]
    },
    "1": {
        "34": [
            {
                "seed": 1,
                "pattern": [
                    "X1_49",
                    "X4_5",
                    "X4_48",
                    "X9_10",
                    "X9_18",
                    "X9_21",
                    "X10_13",
                    "X10_48",
                    "X11_15",
                    "X11_20",
                    "X13_34",
                    "X14_28",
                    "X16_38",
                    "X16_18",
                    "X10_20",
                    "X12_21",
                    "X5_22",
                    "X22_25",
                    "X22_50",
                    "X29_37",
                    "X12_30",
                    "X30_32",
                    "X5_31",
                    "X1_34",
                    "X36_42",
                    "X31_37",
                    "X24_40",
                    "X29_41",
                    "X41_42",
                    "X42_44",
                    "X2_48",
                    "X14_50",
                    "X39_50",
                    "X40_50"
                ]
            },
            {
                "seed": 1,
                "pattern": [
                    "X1_49",
                    "X4_5",
                    "X4_48",
                    "X9_10",
                    "X9_18",
                    "X9_21",
                    "X10_13",
                    "X10_48",
                    "X11_15",
                    "X11_20",
                    "X13_34",
                    "X14_28",
                    "X16_38",
                    "X16_18",
                    "X10_20",
                    "X12_21",
                    "X5_22",
                    "X22_25",
                    "X22_50",
                    "X24_27",
                    "X9_27",
                    "X29_37",
                    "X12_30",
                    "X30_32",
                    "X5_31",
                    "X1_34",
                    "X36_42",
                    "X31_37",
                    "X29_41",
                    "X41_42",
                    "X42_44",
                    "X2_48",
                    "X14_50",
                    "X39_50"
                ]
            },
            {
                "seed": 2,
                "pattern": [
                    "X1_49",
                    "X4_5",
                    "X4_48",
                    "X9_10",
                    "X9_18",
                    "X9_21",
                    "X10_13",
                    "X10_48",
                    "X11_15",
                    "X11_20",
                    "X13_34",
                    "X14_28",
                    "X16_38",
                    "X16_18",
                    "X10_20",
                    "X12_21",
                    "X5_22",
                    "X22_25",
                    "X22_50",
                    "X29_37",
                    "X12_30",
                    "X30_32",
                    "X5_31",
                    "X1_34",
                    "X36_42",
                    "X31_37",
                    "X24_40",
                    "X29_41",
                    "X41_42",
                    "X42_44",
                    "X2_48",
                    "X14_50",
                    "X39_50",
                    "X40_50"
                ]
            },
            {
                "seed": 2,
                "pattern": [
                    "X1_49",
                    "X4_5",
                    "X4_48",
                    "X9_10",
                    "X9_18",
                    "X9_21",
                    "X10_13",
                    "X10_48",
                    "X11_15",
                    "X11_20",
                    "X13_34",
                    "X14_28",
                    "X16_38",
                    "X16_18",
                    "X10_20",
                    "X12_21",
                    "X5_22",
                    "X22_25",
                    "X22_50",
                    "X24_27",
                    "X9_27",
                    "X29_37",
                    "X12_30",
                    "X30_32",
                    "X5_31",
                    "X1_34",
                    "X36_42",
                    "X31_37",
                    "X29_41",
                    "X41_42",
                    "X42_44",
                    "X2_48",
                    "X14_50",
                    "X39_50"
                ]
            },
            {
                "seed": 3,
                "pattern": [
                    "X1_49",
                    "X4_5",
                    "X4_48",
                    "X9_10",
                    "X9_18",
                    "X9_21",
                    "X10_13",
                    "X10_48",
                    "X11_15",
                    "X11_20",
                    "X13_34",
                    "X14_28",
                    "X16_38",
                    "X16_18",
                    "X10_20",
                    "X12_21",
                    "X5_22",
                    "X22_25",
                    "X22_50",
                    "X29_37",
                    "X12_30",
                    "X30_32",
                    "X5_31",
                    "X1_34",
                    "X36_42",
                    "X31_37",
                    "X24_40",
                    "X29_41",
                    "X41_42",
                    "X42_44",
                    "X2_48",
                    "X14_50",
                    "X39_50",
                    "X40_50"
                ]
            },
            {
                "seed": 3,
                "pattern": [
                    "X1_49",
                    "X4_5",
                    "X4_48",
                    "X9_10",
                    "X9_18",
                    "X9_21",
                    "X10_13",
                    "X10_48",
                    "X11_15",
                    "X11_20",
                    "X13_34",
                    "X14_28",
                    "X16_38",
                    "X16_18",
                    "X10_20",
                    "X12_21",
                    "X5_22",
                    "X22_25",
                    "X22_50",
                    "X24_27",
                    "X9_27",
                    "X29_37",
                    "X12_30",
                    "X30_32",
                    "X5_31",
                    "X1_34",
                    "X36_42",
                    "X31_37",
                    "X29_41",
                    "X41_42",
                    "X42_44",
                    "X2_48",
                    "X14_50",
                    "X39_50"
                ]
            },
            {
                "seed": 4,
                "pattern": [
                    "X1_49",
                    "X4_5",
                    "X4_48",
                    "X9_10",
                    "X9_18",
                    "X9_21",
                    "X10_13",
                    "X10_48",
                    "X11_15",
                    "X11_20",
                    "X13_34",
                    "X14_28",
                    "X16_38",
                    "X16_18",
                    "X10_20",
                    "X12_21",
                    "X5_22",
                    "X22_25",
                    "X22_50",
                    "X29_37",
                    "X12_30",
                    "X30_32",
                    "X5_31",
                    "X1_34",
                    "X36_42",
                    "X31_37",
                    "X24_40",
                    "X29_41",
                    "X41_42",
                    "X42_44",
                    "X2_48",
                    "X14_50",
                    "X39_50",
                    "X40_50"
                ]
            },
            {
                "seed": 4,
                "pattern": [
                    "X1_49",
                    "X4_5",
                    "X4_48",
                    "X9_10",
                    "X9_18",
                    "X9_21",
                    "X10_13",
                    "X10_48",
                    "X11_15",
                    "X11_20",
                    "X13_34",
                    "X14_28",
                    "X16_38",
                    "X16_18",
                    "X10_20",
                    "X12_21",
                    "X5_22",
                    "X22_25",
                    "X22_50",
                    "X24_27",
                    "X9_27",
                    "X29_37",
                    "X12_30",
                    "X30_32",
                    "X5_31",
                    "X1_34",
                    "X36_42",
                    "X31_37",
                    "X29_41",
                    "X41_42",
                    "X42_44",
                    "X2_48",
                    "X14_50",
                    "X39_50"
                ]
            },
            {
                "seed": 5,
                "pattern": [
                    "X1_49",
                    "X4_5",
                    "X4_48",
                    "X9_10",
                    "X9_18",
                    "X9_21",
                    "X10_13",
                    "X10_48",
                    "X11_15",
                    "X11_20",
                    "X13_34",
                    "X14_28",
                    "X16_38",
                    "X16_18",
                    "X10_20",
                    "X12_21",
                    "X5_22",
                    "X22_25",
                    "X22_50",
                    "X29_37",
                    "X12_30",
                    "X30_32",
                    "X5_31",
                    "X1_34",
                    "X36_42",
                    "X31_37",
                    "X24_40",
                    "X29_41",
                    "X41_42",
                    "X42_44",
                    "X2_48",
                    "X14_50",
                    "X39_50",
                    "X40_50"
                ]
            },
            {
                "seed": 5,
                "pattern": [
                    "X1_49",
                    "X4_5",
                    "X4_48",
                    "X9_10",
                    "X9_18",
                    "X9_21",
                    "X10_13",
                    "X10_48",
                    "X11_15",
                    "X11_20",
                    "X13_34",
                    "X14_28",
                    "X16_38",
                    "X16_18",
                    "X10_20",
                    "X12_21",
                    "X5_22",
                    "X22_25",
                    "X22_50",
                    "X24_27",
                    "X9_27",
                    "X29_37",
                    "X12_30",
                    "X30_32",
                    "X5_31",
                    "X1_34",
                    "X36_42",
                    "X31_37",
                    "X29_41",
                    "X41_42",
                    "X42_44",
                    "X2_48",
                    "X14_50",
                    "X39_50"
                ]
            },
            {
                "seed": 6,
                "pattern": [
                    "X1_49",
                    "X4_5",
                    "X4_48",
                    "X9_10",
                    "X9_18",
                    "X9_21",
                    "X10_13",
                    "X10_48",
                    "X11_15",
                    "X11_20",
                    "X13_34",
                    "X14_28",
                    "X16_38",
                    "X16_18",
                    "X10_20",
                    "X12_21",
                    "X5_22",
                    "X22_25",
                    "X22_50",
                    "X29_37",
                    "X12_30",
                    "X30_32",
                    "X5_31",
                    "X1_34",
                    "X36_42",
                    "X31_37",
                    "X24_40",
                    "X29_41",
                    "X41_42",
                    "X42_44",
                    "X2_48",
                    "X14_50",
                    "X39_50",
                    "X40_50"
                ]
            },
            {
                "seed": 6,
                "pattern": [
                    "X1_49",
                    "X4_5",
                    "X4_48",
                    "X9_10",
                    "X9_18",
                    "X9_21",
                    "X10_13",
                    "X10_48",
                    "X11_15",
                    "X11_20",
                    "X13_34",
                    "X14_28",
                    "X16_38",
                    "X16_18",
                    "X10_20",
                    "X12_21",
                    "X5_22",
                    "X22_25",
                    "X22_50",
                    "X24_27",
                    "X9_27",
                    "X29_37",
                    "X12_30",
                    "X30_32",
                    "X5_31",
                    "X1_34",
                    "X36_42",
                    "X31_37",
                    "X29_41",
                    "X41_42",
                    "X42_44",
                    "X2_48",
                    "X14_50",
                    "X39_50"
                ]
            },
            {
                "seed": 7,
                "pattern": [
                    "X1_49",
                    "X4_5",
                    "X4_48",
                    "X9_10",
                    "X9_18",
                    "X9_21",
                    "X10_13",
                    "X10_48",
                    "X11_15",
                    "X11_20",
                    "X13_34",
                    "X14_28",
                    "X16_38",
                    "X16_18",
                    "X10_20",
                    "X12_21",
                    "X5_22",
                    "X22_25",
                    "X22_50",
                    "X29_37",
                    "X12_30",
                    "X30_32",
                    "X5_31",
                    "X1_34",
                    "X36_42",
                    "X31_37",
                    "X24_40",
                    "X29_41",
                    "X41_42",
                    "X42_44",
                    "X2_48",
                    "X14_50",
                    "X39_50",
                    "X40_50"
                ]
            },
            {
                "seed": 7,
                "pattern": [
                    "X1_49",
                    "X4_5",
                    "X4_48",
                    "X9_10",
                    "X9_18",
                    "X9_21",
                    "X10_13",
                    "X10_48",
                    "X11_15",
                    "X11_20",
                    "X13_34",
                    "X14_28",
                    "X16_38",
                    "X16_18",
                    "X10_20",
                    "X12_21",
                    "X5_22",
                    "X22_25",
                    "X22_50",
                    "X24_27",
                    "X9_27",
                    "X29_37",
                    "X12_30",
                    "X30_32",
                    "X5_31",
                    "X1_34",
                    "X36_42",
                    "X31_37",
                    "X29_41",
                    "X41_42",
                    "X42_44",
                    "X2_48",
                    "X14_50",
                    "X39_50"
                ]
            },
            {
                "seed": 8,
                "pattern": [
                    "X1_49",
                    "X4_5",
                    "X4_48",
                    "X9_10",
                    "X9_18",
                    "X9_21",
                    "X10_13",
                    "X10_48",
                    "X11_15",
                    "X11_20",
                    "X13_34",
                    "X14_28",
                    "X16_38",
                    "X16_18",
                    "X10_20",
                    "X12_21",
                    "X5_22",
                    "X22_25",
                    "X22_50",
                    "X29_37",
                    "X12_30",
                    "X30_32",
                    "X5_31",
                    "X1_34",
                    "X36_42",
                    "X31_37",
                    "X24_40",
                    "X29_41",
                    "X41_42",
                    "X42_44",
                    "X2_48",
                    "X14_50",
                    "X39_50",
                    "X40_50"
                ]
            },
            {
                "seed": 8,
                "pattern": [
                    "X1_49",
                    "X4_5",
                    "X4_48",
                    "X9_10",
                    "X9_18",
                    "X9_21",
                    "X10_13",
                    "X10_48",
                    "X11_15",
                    "X11_20",
                    "X13_34",
                    "X14_28",
                    "X16_38",
                    "X16_18",
                    "X10_20",
                    "X12_21",
                    "X5_22",
                    "X22_25",
                    "X22_50",
                    "X24_27",
                    "X9_27",
                    "X29_37",
                    "X12_30",
                    "X30_32",
                    "X5_31",
                    "X1_34",
                    "X36_42",
                    "X31_37",
                    "X29_41",
                    "X41_42",
                    "X42_44",
                    "X2_48",
                    "X14_50",
                    "X39_50"
                ]
            },
            {
                "seed": 9,
                "pattern": [
                    "X1_49",
                    "X4_5",
                    "X4_48",
                    "X9_10",
                    "X9_18",
                    "X9_21",
                    "X10_13",
                    "X10_48",
                    "X11_15",
                    "X11_20",
                    "X13_34",
                    "X14_28",
                    "X16_38",
                    "X16_18",
                    "X10_20",
                    "X12_21",
                    "X5_22",
                    "X22_25",
                    "X22_50",
                    "X29_37",
                    "X12_30",
                    "X30_32",
                    "X5_31",
                    "X1_34",
                    "X36_42",
                    "X31_37",
                    "X24_40",
                    "X29_41",
                    "X41_42",
                    "X42_44",
                    "X2_48",
                    "X14_50",
                    "X39_50",
                    "X40_50"
                ]
            },
            {
                "seed": 9,
                "pattern": [
                    "X1_49",
                    "X4_5",
                    "X4_48",
                    "X9_10",
                    "X9_18",
                    "X9_21",
                    "X10_13",
                    "X10_48",
                    "X11_15",
                    "X11_20",
                    "X13_34",
                    "X14_28",
                    "X16_38",
                    "X16_18",
                    "X10_20",
                    "X12_21",
                    "X5_22",
                    "X22_25",
                    "X22_50",
                    "X24_27",
                    "X9_27",
                    "X29_37",
                    "X12_30",
                    "X30_32",
                    "X5_31",
                    "X1_34",
                    "X36_42",
                    "X31_37",
                    "X29_41",
                    "X41_42",
                    "X42_44",
                    "X2_48",
                    "X14_50",
                    "X39_50"
                ]
            },
            {
                "seed": 10,
                "pattern": [
                    "X1_49",
                    "X4_5",
                    "X4_48",
                    "X9_10",
                    "X9_18",
                    "X9_21",
                    "X10_13",
                    "X10_48",
                    "X11_15",
                    "X11_20",
                    "X13_34",
                    "X14_28",
                    "X16_38",
                    "X16_18",
                    "X10_20",
                    "X12_21",
                    "X5_22",
                    "X22_25",
                    "X22_50",
                    "X29_37",
                    "X12_30",
                    "X30_32",
                    "X5_31",
                    "X1_34",
                    "X36_42",
                    "X31_37",
                    "X24_40",
                    "X29_41",
                    "X41_42",
                    "X42_44",
                    "X2_48",
                    "X14_50",
                    "X39_50",
                    "X40_50"
                ]
            },
            {
                "seed": 10,
                "pattern": [
                    "X1_49",
                    "X4_5",
                    "X4_48",
                    "X9_10",
                    "X9_18",
                    "X9_21",
                    "X10_13",
                    "X10_48",
                    "X11_15",
                    "X11_20",
                    "X13_34",
                    "X14_28",
                    "X16_38",
                    "X16_18",
                    "X10_20",
                    "X12_21",
                    "X5_22",
                    "X22_25",
                    "X22_50",
                    "X24_27",
                    "X9_27",
                    "X29_37",
                    "X12_30",
                    "X30_32",
                    "X5_31",
                    "X1_34",
                    "X36_42",
                    "X31_37",
                    "X29_41",
                    "X41_42",
                    "X42_44",
                    "X2_48",
                    "X14_50",
                    "X39_50"
                ]
            }
        ]
    }
}